{
    "chartData": [
      { "time": "12:00", "price": 150.25 },
      { "time": "11:01", "price": 90.35 },
      { "time": "10:02", "price": 19.75 },
      { "time": "09:03", "price": 110.25 },
      { "time": "13:04", "price": 101.35 },
      { "time": "08:05", "price": 10.75 },
      { "time": "121:06", "price": 16.75 },
      { "time": "13:06", "price": 150.75 },
      { "time": "80:06", "price": 179.75 },
      { "time": "67:06", "price": 68.75 },
      { "time": "18:06", "price": 67.75 },
      { "time": "09:06", "price": 56.75 },
      { "time": "08:06", "price": 160.75 },
      { "time": "12:06", "price": 161.75 },
      { "time": "18:06", "price": 180.75 },
      { "time": "12:06", "price": 160.75 },
      { "time": "13:06", "price": 135.75 },
      { "time": "55:06", "price": 11.75 },
      { "time": "12:06", "price": 162.75 },
      { "time": "07:06", "price": 45.75 },
      { "time": "02:06", "price": 11.75 }

      
    ],
    "orderbook": [
      { "price": 150.0, "amount": 1.5 },
      { "price": 149.5, "amount": 2.0 },
      { "price": 149.0, "amount": 3.0 },
      { "price": 160.0, "amount": 4.0 },
      { "price": 165.0, "amount": 1.5 },
      { "price": 150.0, "amount": 4.0 },
      { "price": 149.0, "amount": 3.5 },
      { "price": 167.0, "amount": 4.5 },
      { "price": 223.0, "amount": 1.5 },
      { "price": 456.0, "amount": 9.5 },
      { "price": 141.0, "amount": 8.5 },
      { "price": 112.0, "amount": 5.5 }
       ],
    "tradeHistory": [
      { "time": "12:03", "price": 150.0, "amount": 0.5 },
      { "time": "12:04", "price": 149.5, "amount": 1.6 },
      { "time": "12:05", "price": 150.5, "amount": 1.5 },
      { "time": "12:05", "price": 150.5, "amount": 1.5 },
      { "time": "12:05", "price": 150.5, "amount": 1.5 },
      { "time": "12:05", "price": 150.5, "amount": 1.5 },
      { "time": "12:05", "price": 150.5, "amount": 1.5 },
      { "time": "12:05", "price": 150.5, "amount": 1.5 },
      { "time": "12:05", "price": 150.5, "amount": 1.5 },
      { "time": "12:05", "price": 150.5, "amount": 1.5 },
      { "time": "12:05", "price": 150.5, "amount": 1.5 },
      { "time": "12:05", "price": 150.5, "amount": 1.5 }  
    ]
  }
  